{
  "IsEncrypted": false,
  "Values": {
    "APPINSIGHTS_INSTRUMENTATIONKEY": "77e30d4c-9397-4f3e-bf33-78b9c4252a57",
    "AzureWebJobsStorage": "UseDevelopmentStorage=true",
    "FUNCTIONS_WORKER_RUNTIME": "dotnet",
    "databaseName": "Az204",
    "inputCollection": "Coffees",
    "connectionString": "AccountEndpoint=https://az204db.documents.azure.com:443/;AccountKey=7eqFFWzJMnuN0U2faRCsjp4emW9IE0RtmAJgbinULjTR2ub3yJVFsvCMIGpMZqTDNDRFwQZorD5BuRh92MbaRA==;",
    "outputCollectionBrewing": "CoffeesBrewing",
    "outputCollectionOrigin": "CoffeesOrigin",
    "ordersCollection": "Orders",
    "ordersLogicappUrl": "https://prod-02.eastus.logic.azure.com:443/workflows/f0f9bf17bd174f1b9246796cc4209ab2/triggers/manual/paths/invoke?api-version=2016-10-01&sp=%2Ftriggers%2Fmanual%2Frun&sv=1.0&sig=E9HWPALgefCrrgKW-JilHLlpRqo1Q-QFNS6FSR3L5Yg"
  }
}