{
  "generatedBy": "Microsoft.NET.Sdk.Functions-3.0.3",
  "configurationSource": "attributes",
  "bindings": [
    {
      "type": "cosmosDBTrigger",
      "connectionStringSetting": "connectionString",
      "createLeaseCollectionIfNotExists": true,
      "leaseCollectionName": "leaseOrders",
      "collectionName": "%ordersCollection%",
      "databaseName": "%databaseName%",
      "leaseDatabaseName": "%databaseName%",
      "startFromBeginning": false,
      "useMultipleWriteLocations": false,
      "useDefaultJsonSerialization": false,
      "name": "orders"
    }
  ],
  "disabled": false,
  "scriptFile": "../bin/az204functions.dll",
  "entryPoint": "az204functions.OrdersFunctions.ValidateOrder"
}